Datetime,Water Level (m)
2026-06-14 12:00:00,0.50765055
2026-06-14 13:00:00,0.82818055
2026-06-14 14:00:00,0.9581726
2026-06-14 15:00:00,0.8634227
2026-06-14 16:00:00,0.5666711
2026-06-14 17:00:00,0.10821471
2026-06-14 18:00:00,-0.3642544
2026-06-14 19:00:00,-0.7207496
2026-06-14 20:00:00,-0.8724316
2026-06-14 21:00:00,-0.7757122
2026-06-14 22:00:00,-0.42689872
2026-06-14 23:00:00,0.07195673
2026-06-15 00:00:00,0.62591136
2026-06-15 01:00:00,1.0973852
2026-06-15 02:00:00,1.3966249
2026-06-15 03:00:00,1.4497514
2026-06-15 04:00:00,1.2324901
2026-06-15 05:00:00,0.82887423
2026-06-15 06:00:00,0.29527166
2026-06-15 07:00:00,-0.22775918
2026-06-15 08:00:00,-0.61315805
2026-06-15 09:00:00,-0.7429029
2026-06-15 10:00:00,-0.6323721
2026-06-15 11:00:00,-0.29694447
2026-06-15 12:00:00,0.15178725
2026-06-15 13:00:00,0.5935548
2026-06-15 14:00:00,0.8923331
2026-06-15 15:00:00,0.9855426
2026-06-15 16:00:00,0.8297641
2026-06-15 17:00:00,0.501576
2026-06-15 18:00:00,0.031232024
2026-06-15 19:00:00,-0.43214214
2026-06-15 20:00:00,-0.7805002
2026-06-15 21:00:00,-0.89892566
2026-06-15 22:00:00,-0.74436355
2026-06-15 23:00:00,-0.37166068
2026-06-16 00:00:00,0.17706972
2026-06-16 01:00:00,0.75914985
2026-06-16 02:00:00,1.2248019
2026-06-16 03:00:00,1.4764863
2026-06-16 04:00:00,1.4600116
2026-06-16 05:00:00,1.1836009
2026-06-16 06:00:00,0.7116133
2026-06-16 07:00:00,0.15717207
2026-06-16 08:00:00,-0.35491067
2026-06-16 09:00:00,-0.685506
2026-06-16 10:00:00,-0.7841516
2026-06-16 11:00:00,-0.61508447
2026-06-16 12:00:00,-0.24557558
2026-06-16 13:00:00,0.2320114
2026-06-16 14:00:00,0.6607876
2026-06-16 15:00:00,0.93484384
2026-06-16 16:00:00,0.99330896
2026-06-16 17:00:00,0.8077686
2026-06-16 18:00:00,0.43685937
2026-06-16 19:00:00,-0.021262467
2026-06-16 20:00:00,-0.4609227
2026-06-16 21:00:00,-0.76579976
2026-06-16 22:00:00,-0.8285739
2026-06-16 23:00:00,-0.64169014
2026-06-17 00:00:00,-0.23539391
2026-06-17 01:00:00,0.32086283
2026-06-17 02:00:00,0.88034844
2026-06-17 03:00:00,1.3284842
2026-06-17 04:00:00,1.5121998
2026-06-17 05:00:00,1.4190933
2026-06-17 06:00:00,1.0780835
2026-06-17 07:00:00,0.57998574
2026-06-17 08:00:00,0.027696898
2026-06-17 09:00:00,-0.4377922
2026-06-17 10:00:00,-0.7111894
2026-06-17 11:00:00,-0.74371505
2026-06-17 12:00:00,-0.5451177
2026-06-17 13:00:00,-0.15475358
2026-06-17 14:00:00,0.30364585
2026-06-17 15:00:00,0.6979607
2026-06-17 16:00:00,0.9347663
2026-06-17 17:00:00,0.95976835
2026-06-17 18:00:00,0.74366
2026-06-17 19:00:00,0.36904877
2026-06-17 20:00:00,-0.06499197
2026-06-17 21:00:00,-0.46946403
2026-06-17 22:00:00,-0.72166365
2026-06-17 23:00:00,-0.7303914
2026-06-18 00:00:00,-0.5124785
2026-06-18 01:00:00,-0.09587506
2026-06-18 02:00:00,0.43179306
2026-06-18 03:00:00,0.94781816
2026-06-18 04:00:00,1.2893925
2026-06-18 05:00:00,1.4215692
2026-06-18 06:00:00,1.290812
2026-06-18 07:00:00,0.9312418
2026-06-18 08:00:00,0.44583735
2026-06-18 09:00:00,-0.060327686
2026-06-18 10:00:00,-0.472574
2026-06-18 11:00:00,-0.6874774
2026-06-18 12:00:00,-0.6708954
2026-06-18 13:00:00,-0.4376968
2026-06-18 14:00:00,-0.041634317
2026-06-18 15:00:00,0.38487345
2026-06-18 16:00:00,0.74597955
2026-06-18 17:00:00,0.93386465
2026-06-18 18:00:00,0.91158617
2026-06-18 19:00:00,0.6947073
2026-06-18 20:00:00,0.34422687
2026-06-18 21:00:00,-0.04360414
2026-06-18 22:00:00,-0.39236057
2026-06-18 23:00:00,-0.58390546
2026-06-19 00:00:00,-0.5633137
2026-06-19 01:00:00,-0.33031404
2026-06-19 02:00:00,0.07922846
2026-06-19 03:00:00,0.5622302
2026-06-19 04:00:00,0.9927663
2026-06-19 05:00:00,1.2662425
2026-06-19 06:00:00,1.3138524
2026-06-19 07:00:00,1.1332079
2026-06-19 08:00:00,0.77017653
2026-06-19 09:00:00,0.32117
2026-06-19 10:00:00,-0.124286935
2026-06-19 11:00:00,-0.46806172
2026-06-19 12:00:00,-0.62887543
2026-06-19 13:00:00,-0.5741074
2026-06-19 14:00:00,-0.33080098
2026-06-19 15:00:00,0.0363007
2026-06-19 16:00:00,0.42485085
2026-06-19 17:00:00,0.73695093
2026-06-19 18:00:00,0.8692669
2026-06-19 19:00:00,0.8262328
2026-06-19 20:00:00,0.6170603
2026-06-19 21:00:00,0.31065866
2026-06-19 22:00:00,-0.031877134
2026-06-19 23:00:00,-0.31532633
2026-06-20 00:00:00,-0.45707175
2026-06-20 01:00:00,-0.40870732
2026-06-20 02:00:00,-0.17724268
2026-06-20 03:00:00,0.18037683
2026-06-20 04:00:00,0.58722246
2026-06-20 05:00:00,0.9384241
2026-06-20 06:00:00,1.1364751
2026-06-20 07:00:00,1.1275264
2026-06-20 08:00:00,0.9421102
2026-06-20 09:00:00,0.6123101
2026-06-20 10:00:00,0.21823771
2026-06-20 11:00:00,-0.16184364
2026-06-20 12:00:00,-0.42966315
